{
    "timestamp": {
        "min": [
            0.0
        ],
        "max": [
            25.3
        ],
        "mean": [
            4.970588041291515
        ],
        "std": [
            3.5841283914513293
        ],
        "count": [
            30321
        ]
    },
    "observation.images.gripper": {
        "min": [
            [
                [
                    0.0
                ]
            ],
            [
                [
                    0.0
                ]
            ],
            [
                [
                    0.0
                ]
            ]
        ],
        "max": [
            [
                [
                    1.0
                ]
            ],
            [
                [
                    1.0
                ]
            ],
            [
                [
                    1.0
                ]
            ]
        ],
        "mean": [
            [
                [
                    0.524570538317342
                ]
            ],
            [
                [
                    0.4142588751299911
                ]
            ],
            [
                [
                    0.3997322948693148
                ]
            ]
        ],
        "std": [
            [
                [
                    0.2539237573721561
                ]
            ],
            [
                [
                    0.20216411955454971
                ]
            ],
            [
                [
                    0.19486711325888384
                ]
            ]
        ],
        "count": [
            11556
        ]
    },
    "frame_index": {
        "min": [
            0
        ],
        "max": [
            759
        ],
        "mean": [
            149.11764123874542
        ],
        "std": [
            107.52385174353988
        ],
        "count": [
            30321
        ]
    },
    "action": {
        "min": [
            0.07472151517868042,
            -0.4835514426231384,
            0.02968328259885311,
            0.5,
            0.5,
            0.5,
            0.5,
            -0.09305389970541
        ],
        "max": [
            0.27556952834129333,
            -0.14660826325416565,
            0.23398354649543762,
            0.5,
            0.5,
            0.5,
            0.5,
            0.0028582054655998945
        ],
        "mean": [
            0.18086414524733652,
            -0.29886872475214715,
            0.13845008157606722,
            0.5,
            0.5,
            0.5,
            0.5,
            -0.055980191934665934
        ],
        "std": [
            0.05135403183748802,
            0.07470097569104367,
            0.01753479295771437,
            0.0,
            0.0,
            0.0,
            0.0,
            0.0329059288660409
        ],
        "count": [
            30321
        ]
    },
    "task_index": {
        "min": [
            0
        ],
        "max": [
            0
        ],
        "mean": [
            0.0
        ],
        "std": [
            0.0
        ],
        "count": [
            30321
        ]
    },
    "observation.images.base": {
        "min": [
            [
                [
                    0.0
                ]
            ],
            [
                [
                    0.0
                ]
            ],
            [
                [
                    0.0
                ]
            ]
        ],
        "max": [
            [
                [
                    1.0
                ]
            ],
            [
                [
                    1.0
                ]
            ],
            [
                [
                    1.0
                ]
            ]
        ],
        "mean": [
            [
                [
                    0.4644837263989092
                ]
            ],
            [
                [
                    0.3354214503486289
                ]
            ],
            [
                [
                    0.2618150130066642
                ]
            ]
        ],
        "std": [
            [
                [
                    0.2779109654182805
                ]
            ],
            [
                [
                    0.24452335652696533
                ]
            ],
            [
                [
                    0.1820868974162976
                ]
            ]
        ],
        "count": [
            11556
        ]
    },
    "episode_index": {
        "min": [
            0
        ],
        "max": [
            116
        ],
        "mean": [
            57.84730055077339
        ],
        "std": [
            32.84207956193564
        ],
        "count": [
            30321
        ]
    },
    "robot_timestamp": {
        "min": [
            1.7678331406062715e+18
        ],
        "max": [
            1.7678444106004562e+18
        ],
        "mean": [
            1.767838529785222e+18
        ],
        "std": [
            3719555711053.5103
        ],
        "count": [
            30321
        ]
    },
    "observation.state": {
        "min": [
            -0.02693888358771801,
            -0.41137468814849854,
            0.0,
            0.0,
            0.0,
            0.0,
            0.0,
            -0.09305389970541
        ],
        "max": [
            0.18720968067646027,
            0.0,
            0.24776288866996765,
            0.5579253435134888,
            0.5136955976486206,
            0.5159960985183716,
            0.5624998807907104,
            0.0028582054655998945
        ],
        "mean": [
            0.07213537687767657,
            -0.3002139007968334,
            0.13970198674135875,
            0.5145754048886508,
            0.47873005877108543,
            0.4807215708528981,
            0.5239830632401009,
            -0.055980191934665934
        ],
        "std": [
            0.052516410948373324,
            0.06684802535276477,
            0.01672201200714863,
            0.008460541008712217,
            0.009071930322399885,
            0.009308538932304766,
            0.010234002583311457,
            0.0329059288660409
        ],
        "count": [
            30321
        ]
    },
    "index": {
        "min": [
            0
        ],
        "max": [
            759
        ],
        "mean": [
            149.214207974671
        ],
        "std": [
            107.50439190343147
        ],
        "count": [
            30321
        ]
    }
}